Metric,Correlation_r,P_value,Significant
R1,0.3098346990915386,0.2810238321290279,No
R2,0.3681836012677717,0.19523167441615671,No
R3,0.400146926294826,0.1562833029664567,No
R4,0.6232384011799537,0.017256532072420318,Yes
R5,0.7999693475886274,0.0005919140613124686,Yes
R_mean,0.6594905101372174,0.010290781051269338,Yes
JR1,0.4175533146277986,0.13740105077037268,No
JR4,-0.20051739597957002,0.49186233411076435,No
JR5,0.846603933186935,0.00013401922696817877,Yes
